hp_setting,split,optimal,balanced_accuracy,auc
enc01_ml,1,False,0.6683716965046889,0.7377095765842568
enc001_ml,1,True,0.83461210571185,0.918158567774936
enc0001_ml,1,False,0.8516624040920716,0.9218527990906508
enc00001_ml,1,False,0.5,0.5
enc000001_ml,1,False,0.5,0.5
